{
  "rng_options": {
      "use_rng_type": "seeds",
      "seeds": {
          "values": [0, 1, 2, 0, 1],
          "random_number_limit": 1000
      },
      "preset_numbers": [1, 1, 1, 1, 1, 1, 1]
  },
  "simulation_options": {
    "initial_arrivals": [
      {
        "queue_name": "Q1",
        "arrival_time": 3.0
      }
    ]
  },
  "queues": [
    { 
      "name": "Q1",
      "workers": 2,
      "capacity": 4,
      "arrival_interval": [2, 3],
      "exit_interval": [4, 7],
      "exits": [
        {"Q2": 1.0}
      ]
    },
    { 
      "name": "Q2",
      "workers": 1,
      "capacity": 3,
      "exit_interval": [3, 6],
      "exits": [
        {"Q3": 0.3}
      ]
    },
    { 
      "name": "Q3",
      "workers": 1,
      "exit_interval": [10, 15]
    }
  ]
} 