{"battleResults":{"56":{"championId":56,"winCount":10,"lossCount":1,"drawCount":1},"9":{"championId":9,"winCount":0,"lossCount":1,"drawCount":0},"78":{"championId":78,"winCount":0,"lossCount":1,"drawCount":0},"14":{"championId":14,"winCount":0,"lossCount":1,"drawCount":0},"44":{"championId":44,"winCount":0,"lossCount":1,"drawCount":0},"143":{"championId":143,"winCount":0,"lossCount":1,"drawCount":0},"50":{"championId":50,"winCount":0,"lossCount":1,"drawCount":0},"64":{"championId":64,"winCount":0,"lossCount":1,"drawCount":0},"57":{"championId":57,"winCount":1,"lossCount":0,"drawCount":0},"1":{"championId":1,"winCount":0,"lossCount":5,"drawCount":0},"24":{"championId":24,"winCount":1,"lossCount":0,"drawCount":1},"68":{"championId":68,"winCount":1,"lossCount":0,"drawCount":0},"37":{"championId":37,"winCount":1,"lossCount":0,"drawCount":0},"25":{"championId":25,"winCount":0,"lossCount":1,"drawCount":0},"77":{"championId":77,"winCount":1,"lossCount":0,"drawCount":0},"8":{"championId":8,"winCount":0,"lossCount":1,"drawCount":0}}}