{"battleResults":{"56":{"championId":56,"winCount":16,"lossCount":1,"drawCount":1},"50":{"championId":50,"winCount":0,"lossCount":1,"drawCount":0},"67":{"championId":67,"winCount":0,"lossCount":1,"drawCount":0},"44":{"championId":44,"winCount":0,"lossCount":1,"drawCount":0},"429":{"championId":429,"winCount":0,"lossCount":1,"drawCount":0},"133":{"championId":133,"winCount":0,"lossCount":2,"drawCount":0},"90":{"championId":90,"winCount":0,"lossCount":1,"drawCount":2},"10":{"championId":10,"winCount":0,"lossCount":1,"drawCount":0},"81":{"championId":81,"winCount":0,"lossCount":1,"drawCount":0},"161":{"championId":161,"winCount":0,"lossCount":1,"drawCount":0},"98":{"championId":98,"winCount":0,"lossCount":1,"drawCount":0},"120":{"championId":120,"winCount":1,"lossCount":0,"drawCount":0},"420":{"championId":420,"winCount":0,"lossCount":1,"drawCount":0},"63":{"championId":63,"winCount":0,"lossCount":1,"drawCount":0},"267":{"championId":267,"winCount":0,"lossCount":0,"drawCount":2},"22":{"championId":22,"winCount":0,"lossCount":1,"drawCount":0},"68":{"championId":68,"winCount":0,"lossCount":0,"drawCount":1},"427":{"championId":427,"winCount":0,"lossCount":0,"drawCount":2},"26":{"championId":26,"winCount":0,"lossCount":0,"drawCount":2},"25":{"championId":25,"winCount":0,"lossCount":1,"drawCount":0},"163":{"championId":163,"winCount":0,"lossCount":1,"drawCount":0},"43":{"championId":43,"winCount":0,"lossCount":0,"drawCount":2}}}