[{"Title":"The Shawshank Redemption","Year":"1994","Rated":"R","Released":"14 Oct 1994","Runtime":"142 min","Genre":"Crime, Drama","Director":"Frank Darabont","Writer":"Stephen King (short story \"Rita Hayworth and Shawshank Redemption\"), Frank Darabont (screenplay)","Actors":"Tim Robbins, Morgan Freeman, Bob Gunton, William Sadler","Plot":"Two imprisoned men bond over a number of years, finding solace and eventual redemption through acts of common decency.","Language":"English","Country":"USA","Awards":"Nominated for 7 Oscars. Another 14 wins & 18 nominations.","Poster":"http://ia.media-imdb.com/images/M/MV5BODU4MjU4NjIwNl5BMl5BanBnXkFtZTgwMDU2MjEyMDE@._V1_SX300.jpg","Metascore":"80","imdbRating":"9.3","imdbVotes":"1,555,482","imdbID":"tt0111161","Type":"movie","Response":"True"},{"Title":"The Godfather","Year":"1972","Rated":"R","Released":"24 Mar 1972","Runtime":"175 min","Genre":"Crime, Drama","Director":"Francis Ford Coppola","Writer":"Mario Puzo (screenplay), Francis Ford Coppola (screenplay), Mario Puzo (novel)","Actors":"Marlon Brando, Al Pacino, James Caan, Richard S. Castellano","Plot":"The aging patriarch of an organized crime dynasty transfers control of his clandestine empire to his reluctant son.","Language":"English, Italian, Latin","Country":"USA","Awards":"Won 3 Oscars. Another 22 wins & 27 nominations.","Poster":"http://ia.media-imdb.com/images/M/MV5BMjEyMjcyNDI4MF5BMl5BanBnXkFtZTcwMDA5Mzg3OA@@._V1_SX300.jpg","Metascore":"100","imdbRating":"9.2","imdbVotes":"1,061,364","imdbID":"tt0068646","Type":"movie","Response":"True"},{"Title":"The Godfather II","Year":"2009","Rated":"N/A","Released":"07 Apr 2009","Runtime":"N/A","Genre":"Animation, Action, Crime","Director":"Si Duy Tran","Writer":"N/A","Actors":"Robert Duvall, Carlos Ferro, John Mariano, Danny Jacobs","Plot":"A video game in which players control a new member of the Corleone crime family who is rising through the ranks.","Language":"English","Country":"USA","Awards":"N/A","Poster":"http://ia.media-imdb.com/images/M/MV5BODY0OTIxNTI1Ml5BMl5BanBnXkFtZTcwNjc0NjkzMg@@._V1_SX300.jpg","Metascore":"N/A","imdbRating":"7.5","imdbVotes":"677","imdbID":"tt1198207","Type":"game","Response":"True"},{"Title":"The Dark Knight","Year":"2008","Rated":"PG-13","Released":"18 Jul 2008","Runtime":"152 min","Genre":"Action, Crime, Drama","Director":"Christopher Nolan","Writer":"Jonathan Nolan (screenplay), Christopher Nolan (screenplay), Christopher Nolan (story), David S. Goyer (story), Bob Kane (characters)","Actors":"Christian Bale, Heath Ledger, Aaron Eckhart, Michael Caine","Plot":"When the menace known as the Joker wreaks havoc and chaos on the people of Gotham, the caped crusader must come to terms with one of the greatest psychological tests of his ability to fight injustice.","Language":"English, Mandarin","Country":"USA, UK","Awards":"Won 2 Oscars. Another 138 wins & 124 nominations.","Poster":"http://ia.media-imdb.com/images/M/MV5BMTMxNTMwODM0NF5BMl5BanBnXkFtZTcwODAyMTk2Mw@@._V1_SX300.jpg","Metascore":"82","imdbRating":"9.0","imdbVotes":"1,529,615","imdbID":"tt0468569","Type":"movie","Response":"True"},{"Title":"12 Angry Men","Year":"1957","Rated":"NOT RATED","Released":"01 Apr 1957","Runtime":"96 min","Genre":"Crime, Drama","Director":"Sidney Lumet","Writer":"Reginald Rose (story)","Actors":"Martin Balsam, John Fiedler, Lee J. Cobb, E.G. Marshall","Plot":"A dissenting juror in a murder trial slowly manages to convince the others that the case is not as obviously clear as it seemed in court.","Language":"English","Country":"USA","Awards":"Nominated for 3 Oscars. Another 16 wins & 8 nominations.","Poster":"http://ia.media-imdb.com/images/M/MV5BODQwOTc5MDM2N15BMl5BanBnXkFtZTcwODQxNTEzNA@@._V1_SX300.jpg","Metascore":"N/A","imdbRating":"8.9","imdbVotes":"403,555","imdbID":"tt0050083","Type":"movie","Response":"True"},{"Title":"Schindler's List","Year":"1993","Rated":"R","Released":"04 Feb 1994","Runtime":"195 min","Genre":"Biography, Drama, History","Director":"Steven Spielberg","Writer":"Thomas Keneally (book), Steven Zaillian (screenplay)","Actors":"Liam Neeson, Ben Kingsley, Ralph Fiennes, Caroline Goodall","Plot":"In Poland during World War II, Oskar Schindler gradually becomes concerned for his Jewish workforce after witnessing their persecution by the Nazis.","Language":"English, Hebrew, German, Polish","Country":"USA","Awards":"Won 7 Oscars. Another 68 wins & 32 nominations.","Poster":"http://ia.media-imdb.com/images/M/MV5BMzMwMTM4MDU2N15BMl5BanBnXkFtZTgwMzQ0MjMxMDE@._V1_SX300.jpg","Metascore":"93","imdbRating":"8.9","imdbVotes":"789,368","imdbID":"tt0108052","Type":"movie","Response":"True"},{"Title":"Pulp Fiction","Year":"1994","Rated":"R","Released":"14 Oct 1994","Runtime":"154 min","Genre":"Crime, Drama","Director":"Quentin Tarantino","Writer":"Quentin Tarantino (story), Roger Avary (story), Quentin Tarantino","Actors":"Tim Roth, Laura Lovelace, John Travolta, Samuel L. Jackson","Plot":"The lives of two mob hit men, a boxer, a gangster's wife, and a pair of diner bandits intertwine in four tales of violence and redemption.","Language":"English, Spanish, French","Country":"USA","Awards":"Won 1 Oscar. Another 53 wins & 57 nominations.","Poster":"http://ia.media-imdb.com/images/M/MV5BMTkxMTA5OTAzMl5BMl5BanBnXkFtZTgwNjA5MDc3NjE@._V1_SX300.jpg","Metascore":"94","imdbRating":"8.9","imdbVotes":"1,208,105","imdbID":"tt0110912","Type":"movie","Response":"True"},{"Title":"The Lord of the Rings: The Return of the King","Year":"2003","Rated":"PG-13","Released":"17 Dec 2003","Runtime":"201 min","Genre":"Adventure, Fantasy","Director":"Peter Jackson","Writer":"J.R.R. Tolkien (novel), Fran Walsh (screenplay), Philippa Boyens (screenplay), Peter Jackson (screenplay)","Actors":"Noel Appleby, Ali Astin, Sean Astin, David Aston","Plot":"Gandalf and Aragorn lead the World of Men against Sauron's army to draw his gaze from Frodo and Sam as they approach Mount Doom with the One Ring.","Language":"English, Quenya, Old English, Sindarin","Country":"USA, New Zealand","Awards":"Won 11 Oscars. Another 150 wins & 101 nominations.","Poster":"http://ia.media-imdb.com/images/M/MV5BMjE4MjA1NTAyMV5BMl5BanBnXkFtZTcwNzM1NDQyMQ@@._V1_SX300.jpg","Metascore":"94","imdbRating":"8.9","imdbVotes":"1,118,882","imdbID":"tt0167260","Type":"movie","Response":"True"},{"Title":"Fight Club","Year":"1999","Rated":"R","Released":"15 Oct 1999","Runtime":"139 min","Genre":"Drama","Director":"David Fincher","Writer":"Chuck Palahniuk (novel), Jim Uhls (screenplay)","Actors":"Edward Norton, Brad Pitt, Helena Bonham Carter, Meat Loaf","Plot":"An insomniac office worker, looking for a way to change his life, crosses paths with a devil-may-care soap maker, forming an underground fight club that evolves into something much, much more...","Language":"English","Country":"USA, Germany","Awards":"Nominated for 1 Oscar. Another 7 wins & 25 nominations.","Poster":"http://ia.media-imdb.com/images/M/MV5BMjIwNTYzMzE1M15BMl5BanBnXkFtZTcwOTE5Mzg3OA@@._V1_SX300.jpg","Metascore":"66","imdbRating":"8.9","imdbVotes":"1,223,898","imdbID":"tt0137523","Type":"movie","Response":"True"},{"Title":"The Lord of the Rings: The Fellowship of the Ring","Year":"2001","Rated":"PG-13","Released":"19 Dec 2001","Runtime":"178 min","Genre":"Adventure, Fantasy","Director":"Peter Jackson","Writer":"J.R.R. Tolkien (novel), Fran Walsh (screenplay), Philippa Boyens (screenplay), Peter Jackson (screenplay)","Actors":"Alan Howard, Noel Appleby, Sean Astin, Sala Baker","Plot":"A meek hobbit of the Shire and eight companions set out on a journey to Mount Doom to destroy the One Ring and the dark lord Sauron.","Language":"English, Sindarin","Country":"New Zealand, USA","Awards":"Won 4 Oscars. Another 100 wins & 110 nominations.","Poster":"http://ia.media-imdb.com/images/M/MV5BNTEyMjAwMDU1OV5BMl5BanBnXkFtZTcwNDQyNTkxMw@@._V1_SX300.jpg","Metascore":"92","imdbRating":"8.8","imdbVotes":"1,135,762","imdbID":"tt0120737","Type":"movie","Response":"True"},{"Title":"Inception","Year":"2010","Rated":"PG-13","Released":"16 Jul 2010","Runtime":"148 min","Genre":"Action, Mystery, Sci-Fi","Director":"Christopher Nolan","Writer":"Christopher Nolan","Actors":"Leonardo DiCaprio, Joseph Gordon-Levitt, Ellen Page, Tom Hardy","Plot":"A thief who steals corporate secrets through use of the dream-sharing technology is given the inverse task of planting an idea into the mind of a CEO.","Language":"English, Japanese, French","Country":"USA, UK","Awards":"Won 4 Oscars. Another 138 wins & 192 nominations.","Poster":"http://ia.media-imdb.com/images/M/MV5BMjAxMzY3NjcxNF5BMl5BanBnXkFtZTcwNTI5OTM0Mw@@._V1_SX300.jpg","Metascore":"74","imdbRating":"8.8","imdbVotes":"1,330,216","imdbID":"tt1375666","Type":"movie","Response":"True"},{"Title":"The Empire Strikes Back","Year":"1990","Rated":"N/A","Released":"N/A","Runtime":"N/A","Genre":"Sci-Fi, Adventure, Action","Director":"N/A","Writer":"N/A","Actors":"N/A","Plot":"The game follows the storyline of the movie. You play as Luke Skywalker, who must find Yoda to learn the path of the Jedi.","Language":"English","Country":"USA","Awards":"N/A","Poster":"N/A","Metascore":"N/A","imdbRating":"8.4","imdbVotes":"28","imdbID":"tt0295234","Type":"game","Response":"True"},{"Title":"Forrest Gump","Year":"1994","Rated":"PG-13","Released":"06 Jul 1994","Runtime":"142 min","Genre":"Drama, Romance","Director":"Robert Zemeckis","Writer":"Winston Groom (novel), Eric Roth (screenplay)","Actors":"Tom Hanks, Rebecca Williams, Sally Field, Michael Conner Humphreys","Plot":"Forrest Gump, while not intelligent, has accidentally been present at many historic moments, but his true love, Jenny Curran, eludes him.","Language":"English","Country":"USA","Awards":"Won 6 Oscars. Another 36 wins & 51 nominations.","Poster":"http://ia.media-imdb.com/images/M/MV5BMTQwMTA5MzI1MF5BMl5BanBnXkFtZTcwMzY5Mzg3OA@@._V1_SX300.jpg","Metascore":"82","imdbRating":"8.8","imdbVotes":"1,132,851","imdbID":"tt0109830","Type":"movie","Response":"True"},{"Title":"The Lord of the Rings: The Two Towers","Year":"2002","Rated":"PG-13","Released":"18 Dec 2002","Runtime":"179 min","Genre":"Adventure, Fantasy","Director":"Peter Jackson","Writer":"J.R.R. Tolkien (novel), Fran Walsh (screenplay), Philippa Boyens (screenplay), Stephen Sinclair (screenplay), Peter Jackson (screenplay)","Actors":"Bruce Allpress, Sean Astin, John Bach, Sala Baker","Plot":"While Frodo and Sam edge closer to Mordor with the help of the shifty Gollum, the divided fellowship makes a stand against Sauron's new ally, Saruman, and his hordes of Isengard.","Language":"English, Sindarin, Old English","Country":"USA, New Zealand","Awards":"Won 2 Oscars. Another 96 wins & 106 nominations.","Poster":"http://ia.media-imdb.com/images/M/MV5BMTAyNDU0NjY4NTheQTJeQWpwZ15BbWU2MDk4MTY2Nw@@._V1_SX300.jpg","Metascore":"88","imdbRating":"8.7","imdbVotes":"1,009,698","imdbID":"tt0167261","Type":"movie","Response":"True"},{"Title":"One Flew Over the Cuckoo's Nest","Year":"1975","Rated":"R","Released":"21 Nov 1975","Runtime":"133 min","Genre":"Drama","Director":"Milos Forman","Writer":"Lawrence Hauben (screenplay), Bo Goldman (screenplay), Ken Kesey (based on the novel by), Dale Wasserman (the play version: \"One Flew Over the Cuckoo's Nest\" by)","Actors":"Michael Berryman, Peter Brocco, Dean R. Brooks, Alonzo Brown","Plot":"Upon admittance to a mental institution, a brash rebel rallies the patients to take on the oppressive head nurse.","Language":"English","Country":"USA","Awards":"Won 5 Oscars. Another 30 wins & 13 nominations.","Poster":"http://ia.media-imdb.com/images/M/MV5BMTk5OTA4NTc0NF5BMl5BanBnXkFtZTcwNzI5Mzg3OA@@._V1_SX300.jpg","Metascore":"79","imdbRating":"8.7","imdbVotes":"624,854","imdbID":"tt0073486","Type":"movie","Response":"True"},{"Title":"Matrix","Year":"1993–","Rated":"N/A","Released":"01 Mar 1993","Runtime":"60 min","Genre":"Action, Drama, Fantasy","Director":"N/A","Writer":"Grenville Case","Actors":"Nick Mancuso, Phillip Jarrett, Carrie-Anne Moss, John Vernon","Plot":"Steven Matrix is one of the underworld's foremost hitmen until his luck runs out, and someone puts a contract out on him. Shot in the forehead by a .22 pistol, Matrix \"dies\" and finds ...","Language":"English","Country":"Canada","Awards":"1 win.","Poster":"N/A","Metascore":"N/A","imdbRating":"8.5","imdbVotes":"95","imdbID":"tt0106062","Type":"series","Response":"True"},{"Title":"Goodfellas","Year":"1990","Rated":"R","Released":"21 Sep 1990","Runtime":"146 min","Genre":"Biography, Crime, Drama","Director":"Martin Scorsese","Writer":"Nicholas Pileggi (book), Nicholas Pileggi (screenplay), Martin Scorsese (screenplay)","Actors":"Robert De Niro, Ray Liotta, Joe Pesci, Lorraine Bracco","Plot":"Henry Hill and his friends work their way up through the mob hierarchy.","Language":"English, Italian","Country":"USA","Awards":"Won 1 Oscar. Another 37 wins & 29 nominations.","Poster":"http://ia.media-imdb.com/images/M/MV5BMTY2OTE5MzQ3MV5BMl5BanBnXkFtZTgwMTY2NTYxMTE@._V1_SX300.jpg","Metascore":"89","imdbRating":"8.7","imdbVotes":"667,283","imdbID":"tt0099685","Type":"movie","Response":"True"},{"Title":"Star Wars","Year":"1983","Rated":"N/A","Released":"01 May 1983","Runtime":"N/A","Genre":"Action, Adventure, Sci-Fi","Director":"N/A","Writer":"N/A","Actors":"Harrison Ford, Alec Guinness, Mark Hamill, James Earl Jones","Plot":"N/A","Language":"English","Country":"USA","Awards":"N/A","Poster":"N/A","Metascore":"N/A","imdbRating":"7.8","imdbVotes":"326","imdbID":"tt0251413","Type":"game","Response":"True"},{"Title":"Interstellar","Year":"2014","Rated":"PG-13","Released":"07 Nov 2014","Runtime":"169 min","Genre":"Adventure, Drama, Sci-Fi","Director":"Christopher Nolan","Writer":"Jonathan Nolan, Christopher Nolan","Actors":"Ellen Burstyn, Matthew McConaughey, Mackenzie Foy, John Lithgow","Plot":"A team of explorers travel through a wormhole in space in an attempt to ensure humanity's survival.","Language":"English","Country":"USA, UK","Awards":"Won 1 Oscar. Another 33 wins & 119 nominations.","Poster":"http://ia.media-imdb.com/images/M/MV5BMjIxNTU4MzY4MF5BMl5BanBnXkFtZTgwMzM4ODI3MjE@._V1_SX300.jpg","Metascore":"74","imdbRating":"8.7","imdbVotes":"771,945","imdbID":"tt0816692","Type":"movie","Response":"True"},{"Title":"Se7en","Year":"1995","Rated":"R","Released":"22 Sep 1995","Runtime":"127 min","Genre":"Crime, Drama, Mystery","Director":"David Fincher","Writer":"Andrew Kevin Walker","Actors":"Morgan Freeman, Andrew Kevin Walker, Daniel Zacapa, Brad Pitt","Plot":"Two detectives, a rookie and a veteran, hunt a serial killer who uses the seven deadly sins as his modus operandi.","Language":"English","Country":"USA","Awards":"Nominated for 1 Oscar. Another 25 wins & 31 nominations.","Poster":"http://ia.media-imdb.com/images/M/MV5BMTQwNTU3MTE4NF5BMl5BanBnXkFtZTcwOTgxNDM2Mg@@._V1_SX300.jpg","Metascore":"65","imdbRating":"8.6","imdbVotes":"933,299","imdbID":"tt0114369","Type":"movie","Response":"True"}]